{
    "loss": 37.30279541015625,
    "accuracy": 0.690077006816864
}