{
    "loss": 48.97154235839844,
    "accuracy": 0.3099229633808136
}